seq_id,tm
31390,17.654288922628375
31391,46.09830823741585
31392,38.296085025366196
31393,2.3434923392463043
31394,46.01457650032042
31395,26.664265368211662
31396,8.460071725840324
31397,40.51601301065183
31398,39.82878802731436
31399,17.628444504854805
31400,34.9609582783797
31401,41.163562702768395
31402,37.42102872790642
31403,35.119481453084035
31404,15.869455467549336
31405,17.2082909203677
31406,23.144719931650826
31407,31.07175900910766
31408,49.14171642699545
31409,30.18330751386344
31410,39.29391811179846
31411,22.72413320663812
31412,16.17515414961404
31413,0.3971078464897575
31414,17.30214658645646
31415,6.289829110635147
31416,32.5173572670055
31417,6.907234703120586
31418,32.30383940757954
31419,42.01509493774731
31420,38.108592831464826
31421,18.789047332813077
31422,46.34077128433469
31423,9.055646728986044
31424,22.929670025628354
31425,48.763277104777536
31426,38.985439348607436
31427,42.24109965012467
31428,41.81590173918654
31429,47.73011706965392
31430,8.527902721462118
31431,29.21912630430794
31432,7.910132751450943
31433,24.375225456581045
31434,50.3645947086741
31435,35.80378651579432
31436,14.25101606991988
31437,41.49530164136502
31438,39.31322097694358
31439,26.437877274848734
31440,9.975691452046682
31441,45.626862214040145
31442,31.25795763002177
31443,1.9911619498403497
31444,25.967437721786553
31445,11.253680920951528
31446,28.7204852274211
31447,33.29789218566715
31448,16.80262939118888
31449,43.31568825844159
31450,32.83209829499652
31451,41.120995354193
31452,32.92474988650272
31453,4.874944114762642
31454,46.47351927910538
31455,45.36310812983235
31456,35.53865356083616
31457,6.990084598497402
31458,3.2071239564062535
31459,25.4102825322805
31460,23.89780806319524
31461,35.230934330265534
31462,24.98039950127325
31463,9.302547328793992
31464,0.9453080713268616
31465,15.076323345203788
31466,13.258062046716992
31467,0.39039067895071927
31468,47.22938717411165
31469,19.99203556571222
31470,14.068336230418753
31471,37.71852146521669
31472,21.34192526687089
31473,47.163147941627024
31474,33.559467817824185
31475,45.39380084953222
31476,38.86237640092099
31477,21.9207458478892
31478,3.4119460138905824
31479,30.862010296733015
31480,30.043048298626722
31481,27.00854042690243
31482,10.940674054306255
31483,12.023212371036816
31484,34.711068853307786
31485,13.55216952492818
31486,19.37945409417673
31487,28.84099062678435
31488,26.80268755547767
31489,40.25332347715857
31490,14.33783834325126
31491,5.3369447728267305
31492,39.03454021812601
31493,45.986563447721096
31494,15.235707064507366
31495,16.01726670255878
31496,30.52108403837397
31497,42.06489373710683
31498,31.780899001867873
31499,40.33054900463957
31500,1.4254559993569715
31501,30.012808622813957
31502,46.8569849030795
31503,3.541424892327287
31504,24.380351831781493
31505,12.288188583449218
31506,25.031417178512502
31507,5.890237376515213
31508,46.86723007204745
31509,41.898421369470626
31510,45.57457371268525
31511,32.539695641866075
31512,23.66052369707078
31513,43.71816304957564
31514,16.55315400850787
31515,49.146307030912844
31516,13.544530213650592
31517,27.657366827552842
31518,28.51405559151277
31519,24.16785465760853
31520,11.361915316597946
31521,18.477815979999882
31522,6.018016871506079
31523,31.50605372461014
31524,33.365555537944566
31525,9.228674518145972
31526,1.579068194546951
31527,19.649126550613754
31528,5.181442789064213
31529,7.811242143901584
31530,14.42263144781271
31531,37.70210855232946
31532,38.98225186175922
31533,25.060051676404555
31534,41.99834084440588
31535,26.27548357765623
31536,20.625562608431327
31537,30.210600975668342
31538,24.95779277365554
31539,21.540604850606748
31540,28.372953240080538
31541,13.047511918958483
31542,3.391816333699151
31543,13.566978801737196
31544,19.17423860258151
31545,4.984737407050584
31546,19.326699844019714
31547,1.1110071159104697
31548,37.40780059600249
31549,35.08811467436818
31550,47.03978351431161
31551,11.9269855331745
31552,31.921328698527088
31553,27.982337534703134
31554,0.9692664346202895
31555,29.47287723543964
31556,3.6296385307099306
31557,11.543398593641083
31558,8.170518551493926
31559,42.46218257011368
31560,46.021338625935044
31561,36.75737570860935
31562,44.79611620548408
31563,0.1824092915578157
31564,32.96214456791058
31565,37.676801546038625
31566,48.4284551747329
31567,8.2178900956095
31568,41.418736009056936
31569,34.17157422498967
31570,32.418947010550596
31571,5.717129635093501
31572,9.737012141301037
31573,36.07003465681491
31574,4.0731047943672625
31575,1.689857574119882
31576,39.5445196374447
31577,21.473298743530453
31578,28.072121673361845
31579,7.948304334770858
31580,9.981986942697398
31581,38.93911758525659
31582,30.889828998251794
31583,19.165530159709085
31584,35.04179502539782
31585,7.161117642480181
31586,43.799956307970604
31587,35.32799399587187
31588,0.5308697328659898
31589,12.364908775293538
31590,15.137522998507952
31591,29.401907563010678
31592,35.86218291051458
31593,32.20454453130451
31594,37.16625838794336
31595,45.35414927126911
31596,28.11057913157728
31597,26.380249791723585
31598,28.195842630809196
31599,15.747140293031986
31600,26.50624212712889
31601,15.164378273840452
31602,21.885810815099678
31603,36.46208847344785
31604,2.642859225537907
31605,47.12886089406363
31606,44.12315054860419
31607,45.41397673359015
31608,41.8366682274368
31609,18.27411250958333
31610,42.57797246791013
31611,5.336736075053399
31612,31.549917988292233
31613,6.08426709783956
31614,34.336564233456244
31615,32.843212423645596
31616,9.79801698242469
31617,7.217524914407437
31618,7.45044156828435
31619,6.1449551363720865
31620,1.7724360170855067
31621,4.915252524351568
31622,11.598077687334044
31623,0.33273975461039085
31624,5.098322044406474
31625,38.04241446143318
31626,3.887257001889987
31627,8.992515034680299
31628,47.058628659953875
31629,39.852456341409734
31630,26.923015671428324
31631,15.266979821094568
31632,32.169503063250566
31633,2.2685608407206272
31634,17.671361174411903
31635,1.9355141075631361
31636,46.069727924306314
31637,44.44613622471206
31638,8.575078620576885
31639,22.215423538132143
31640,22.383475539491794
31641,11.566150497042164
31642,26.343468685920957
31643,13.601051641870995
31644,20.233467511996597
31645,28.85745539792911
31646,31.04284886388032
31647,27.612779119095897
31648,13.648225655726623
31649,13.784864099609198
31650,13.19885889534315
31651,22.91720310796582
31652,30.457562260097458
31653,42.39327311014916
31654,42.763576957633816
31655,25.978930387304818
31656,18.810289261354285
31657,48.76240351830002
31658,9.267655922294301
31659,1.6686774608507808
31660,14.503982059019853
31661,43.051134205583296
31662,20.330239703192614
31663,17.871512844766187
31664,30.77275110604494
31665,30.98403374865769
31666,10.393753992373886
31667,27.984671629545957
31668,1.032107222831109
31669,46.39366865234751
31670,25.450806566810176
31671,35.55226736897413
31672,4.697350089537235
31673,22.1042669713523
31674,44.458724728709534
31675,48.11930790053332
31676,28.503986585509107
31677,0.07672077656116709
31678,6.635129196048222
31679,19.717016760846548
31680,31.6900005920314
31681,22.691174809072525
31682,26.651398126651788
31683,41.58909495339074
31684,34.39350480270362
31685,37.928525503903444
31686,38.42728519606319
31687,41.337922134512596
31688,39.83032590539734
31689,25.047739989297256
31690,16.493658205029156
31691,20.457039511437255
31692,0.6073571251669018
31693,10.237463300521664
31694,2.772649010414165
31695,18.593688697408865
31696,35.63693579370157
31697,20.53401510207646
31698,20.116939675517262
31699,20.291413400136392
31700,8.694282025837484
31701,17.807193430036588
31702,36.083916569865906
31703,46.65067083707404
31704,38.46465334765916
31705,14.56773495678867
31706,29.979606615721845
31707,2.532886635945656
31708,14.78195049117876
31709,9.541182376139803
31710,33.87526122836609
31711,31.152205914076692
31712,23.99509551585621
31713,4.0865016250959085
31714,7.520142807605659
31715,28.01113631535791
31716,4.21812787820775
31717,7.461594654519739
31718,15.516137475627815
31719,35.45606498541727
31720,17.33397627957578
31721,5.856696487086554
31722,22.59549100894657
31723,33.20352898437797
31724,0.19941797835968994
31725,39.79583770116524
31726,43.90780364137969
31727,25.927606630207773
31728,9.691159784167914
31729,25.067402491653183
31730,1.6153043951378092
31731,10.597474716368291
31732,14.02713086773554
31733,25.45065566126544
31734,6.800511283088104
31735,21.60452166473644
31736,37.83904085601778
31737,6.066195050550142
31738,34.77434120287737
31739,20.551271318291363
31740,46.58650442779348
31741,9.139416777318676
31742,11.903214081859359
31743,39.49036074502744
31744,36.76230443135487
31745,32.20202196480461
31746,3.5505283783620496
31747,10.549148130114293
31748,0.8555829108359833
31749,16.612820744811593
31750,18.26912784924764
31751,36.13628691792585
31752,47.801635627363865
31753,38.47144443753341
31754,29.860331302432016
31755,6.058763288064699
31756,2.8917389346475093
31757,43.13879839935871
31758,11.986367092938618
31759,10.093730927898168
31760,33.02076163813939
31761,42.309354932072864
31762,22.143965380821893
31763,36.48117431682183
31764,30.879835118485648
31765,10.762422343750936
31766,9.981304770525494
31767,40.086546086202645
31768,13.278894167515228
31769,41.99809088478628
31770,11.638451025307956
31771,15.889390880022736
31772,41.15858917608002
31773,27.17786373909884
31774,20.935246627690344
31775,20.45016268845458
31776,11.373995576526267
31777,1.2525521262416308
31778,4.678968675830635
31779,2.2869402935190775
31780,20.213425120577718
31781,43.52856689442126
31782,41.327246960518515
31783,23.619909878752907
31784,16.57611632494112
31785,8.813370891078513
31786,4.69361603073128
31787,38.101041752055984
31788,1.159749568606011
31789,0.6800638946204856
31790,31.72461932642238
31791,0.6326155813928681
31792,9.32589058698771
31793,38.772771478097845
31794,18.086972389956603
31795,17.65860593902307
31796,38.80607846094669
31797,13.789795749118117
31798,48.21927747549371
31799,0.949276854548602
31800,20.598778918808048
31801,7.182928576597197
31802,24.76559660516677
31803,6.978158494491558
31804,30.40094266926402
31805,11.338897454300396
31806,34.25523460123803
31807,47.77207382990862
31808,11.20286659432434
31809,34.42825939074245
31810,45.70766476074429
31811,4.513685167397711
31812,40.16947440343156
31813,21.660783815614405
31814,45.77063515422382
31815,44.875948283196
31816,37.09085320456921
31817,36.477963139538545
31818,22.875350774868764
31819,19.576109985533446
31820,15.707932299373047
31821,15.425664886987324
31822,36.747832396768054
31823,45.22671442402456
31824,29.94369098812693
31825,20.91720638566967
31826,34.56357912953381
31827,13.172986029568014
31828,39.6887824517972
31829,0.2067033849267909
31830,1.046384069404562
31831,36.11164893311778
31832,20.417475465459106
31833,41.73921292855596
31834,39.00524343141165
31835,13.375452219694601
31836,39.87875841145801
31837,10.449860349513724
31838,21.82303992241809
31839,9.39428148098895
31840,39.318435700759345
31841,33.46484498327969
31842,33.65554614490624
31843,39.32212073336238
31844,23.607472507380237
31845,26.026712009000434
31846,27.480743087561542
31847,39.69136803983967
31848,44.0290391399462
31849,15.550564078896446
31850,10.637230754766449
31851,31.7518667598648
31852,4.897742393474451
31853,26.14142386295374
31854,18.891765308717076
31855,48.21829421638109
31856,43.556633904370734
31857,4.6234948811794245
31858,42.63522956138583
31859,13.479354663606783
31860,37.647597327894516
31861,21.693985013680415
31862,31.51440811434165
31863,37.78989141365707
31864,3.482768930003524
31865,14.850742730673003
31866,22.137703097783803
31867,33.81230270401124
31868,31.9498297750226
31869,44.72408434443842
31870,1.8167896385789961
31871,38.623463563168535
31872,39.07160290829654
31873,40.10948792140112
31874,6.687557268799122
31875,37.73467645656352
31876,12.899547638824618
31877,26.550120759151966
31878,37.64856257628896
31879,34.47252391750874
31880,7.170071387874619
31881,13.671703805774959
31882,11.641972000472132
31883,7.458090692178279
31884,46.59939010513227
31885,39.50178029988824
31886,6.19151665906998
31887,14.365219029528218
31888,8.976779460244563
31889,44.1251642608722
31890,46.55277063118881
31891,20.192323045488695
31892,10.661696328186986
31893,5.705178692578254
31894,20.31889752129851
31895,18.749412756806723
31896,15.158497968416874
31897,18.960534173685186
31898,5.92488062802409
31899,6.982137904483592
31900,0.3419295856783014
31901,8.87975320232918
31902,17.34299298218713
31903,26.79679256054949
31904,9.946676487192205
31905,13.985331347846834
31906,45.43507691580403
31907,45.08133574501457
31908,1.3282379653818293
31909,25.07032900799615
31910,46.093114395984934
31911,37.216707448249046
31912,36.11710117447017
31913,27.955207033432952
31914,19.95851433481023
31915,16.198333955044387
31916,9.10343770180484
31917,34.05515202211438
31918,16.547278919696566
31919,4.761242250349166
31920,15.26721370371498
31921,1.7067625732276532
31922,6.156116652902144
31923,9.950607676125475
31924,23.328211421491954
31925,25.29767898930122
31926,4.123149284237826
31927,27.926833284819043
31928,32.68443054905621
31929,11.476869927093801
31930,31.587034043507455
31931,47.70948589894704
31932,36.610558223494664
31933,5.302241292963669
31934,26.26677448504882
31935,32.98415394774428
31936,24.178965879339778
31937,40.83801610995379
31938,44.92719952710661
31939,13.338132450171479
31940,46.468073956897804
31941,16.611535815136843
31942,41.28372867463942
31943,33.14146658173256
31944,46.45575717081929
31945,17.561640348242133
31946,30.733446753261227
31947,47.344550287160494
31948,29.34113675208867
31949,45.67818696652739
31950,45.09644907086026
31951,21.065316850691868
31952,30.923016826143822
31953,19.346650924037473
31954,27.976976801694278
31955,3.6788005572839944
31956,38.39708360033435
31957,22.798204423144572
31958,16.005940436847833
31959,2.989107678869949
31960,21.595390896389016
31961,33.42317077932059
31962,22.002522738938016
31963,40.942575129962044
31964,22.224115153356944
31965,0.16665791069593983
31966,13.024091760734324
31967,47.83289162254454
31968,4.29479665099268
31969,20.00728994791229
31970,12.382717210236617
31971,47.9077204675587
31972,27.032400989474723
31973,19.929925610697147
31974,21.875506337813697
31975,47.93288426676634
31976,6.130571919752164
31977,45.961933206419545
31978,12.063081446367635
31979,1.090845898864441
31980,40.48792326818093
31981,27.443405319462286
31982,30.517649758327774
31983,6.23259886889609
31984,22.178055650086996
31985,10.054726683767957
31986,16.29741416874592
31987,15.04906333075676
31988,43.95876682630104
31989,13.53564708506308
31990,5.6827013116710186
31991,8.354990965230146
31992,3.7938092619987653
31993,25.09965100148591
31994,8.994042217021581
31995,42.46561737538646
31996,37.151266744562115
31997,9.260010049162059
31998,48.26414947546352
31999,42.355346758707675
32000,4.203600092503625
32001,15.499769055322133
32002,29.75092520579363
32003,40.414878371292275
32004,13.770688574868464
32005,39.45960323501233
32006,4.558622611193829
32007,18.999536054662393
32008,37.904336257508696
32009,19.20223496699786
32010,36.55182379144208
32011,17.06461553515041
32012,3.441047435295798
32013,4.351961849265962
32014,46.73038994900833
32015,7.889240674884914
32016,15.043662097344871
32017,29.942497524691824
32018,29.167721466008086
32019,9.67159475148274
32020,46.773436281731435
32021,22.2531834302732
32022,42.272509069445086
32023,42.3256795149538
32024,47.23121393451643
32025,2.1910134216358785
32026,39.97188718656645
32027,14.522242757397319
32028,33.070504021071095
32029,21.230368271450384
32030,14.62337629391091
32031,19.272032309584606
32032,15.655044409599551
32033,6.171527872533361
32034,4.565203328247743
32035,1.9402792602215777
32036,10.80304263466272
32037,18.047748230820226
32038,3.583886856237851
32039,3.6575078533497107
32040,9.205031825973343
32041,9.511848623390309
32042,39.12252428805442
32043,24.126037465207528
32044,4.871539430542306
32045,26.48546396295485
32046,34.593517118813544
32047,13.12562788483808
32048,42.66874179037299
32049,4.327344901336136
32050,34.2997390482982
32051,15.79622229955297
32052,28.50806185949864
32053,47.024721235398246
32054,0.5948612396530626
32055,11.287135060096809
32056,6.858462894253525
32057,36.19404292569044
32058,35.2884676051627
32059,26.291474449499077
32060,24.09028006039155
32061,11.862834953871294
32062,29.119806948778788
32063,27.9378018411469
32064,5.670273449287402
32065,3.742320340425829
32066,22.470564991239826
32067,37.9404351380846
32068,32.804376640161045
32069,23.097857267329026
32070,1.8743171376663443
32071,3.3735600430562385
32072,46.70945275208537
32073,41.91887005867066
32074,11.180658600169421
32075,47.45984260730865
32076,9.165105837928916
32077,21.25759077769931
32078,19.48359255800912
32079,36.21756797088505
32080,42.56937248021921
32081,2.5795347609586496
32082,5.077857645789454
32083,22.428202098535532
32084,43.20959748096175
32085,44.29063629178731
32086,4.187642640728106
32087,42.57079321569546
32088,24.814638671946824
32089,30.865571778956145
32090,48.21063238264177
32091,2.902161850875706
32092,10.918635328832908
32093,39.41783428763326
32094,6.898067374702304
32095,15.633251066410246
32096,43.88281155031021
32097,35.63578328163949
32098,44.29572676534538
32099,12.60632114713861
32100,38.857498705365686
32101,34.43819462047221
32102,24.911492096969667
32103,22.686315308024646
32104,41.50170151630905
32105,14.007513546517119
32106,2.8272333487484937
32107,43.497427019276095
32108,30.203301496409477
32109,15.968643878749946
32110,25.586143868267285
32111,35.039786120881274
32112,25.56890231593375
32113,6.143607659777542
32114,37.26376359465811
32115,21.802399605633013
32116,6.531857137164598
32117,23.297027986773053
32118,15.120308200720629
32119,22.30336837480946
32120,24.64325111235221
32121,9.59571708565166
32122,17.361775150280955
32123,33.4949474921824
32124,15.675714900718921
32125,19.701669825487723
32126,26.232730912798104
32127,8.372782698867463
32128,45.50008850542406
32129,24.077055001274942
32130,12.1510052172959
32131,8.175283075343092
32132,35.25509562577461
32133,34.42053270042968
32134,11.71943134792282
32135,38.79251075318656
32136,18.597028370550827
32137,18.927684843116875
32138,35.69588957120364
32139,29.48893677687883
32140,49.06090469601865
32141,10.471563826766596
32142,16.092017507186096
32143,46.00978312398121
32144,19.303936970279363
32145,11.746988542747417
32146,30.9291731681297
32147,4.765471549496283
32148,6.288758697099842
32149,32.4752058144633
32150,26.924136320004525
32151,28.51738992729717
32152,26.81669591360974
32153,26.4392826993865
32154,36.234778973231585
32155,40.7003781826349
32156,2.260608798536624
32157,8.0639396036276
32158,20.065276777430032
32159,9.954397844594597
32160,4.046275514703309
32161,0.3826251930845024
32162,21.581705881586974
32163,13.782911342687818
32164,48.58714925568912
32165,23.715480019448474
32166,4.72430005095204
32167,7.759254761916663
32168,3.143007242432601
32169,3.8784617769873626
32170,42.85423146291242
32171,36.71310435540602
32172,1.469299589195205
32173,21.553430357086217
32174,17.542433855181727
32175,25.544629951449394
32176,6.452739496699208
32177,47.62344528894633
32178,25.17116850263281
32179,36.17608239009928
32180,27.525851505925903
32181,27.23431111033952
32182,47.29628342294254
32183,37.18088825989108
32184,13.117763440061722
32185,37.03708202520413
32186,36.385450265909654
32187,38.03271420898961
32188,13.302062479624032
32189,40.1705961844045
32190,10.565787555334879
32191,2.9086916517716705
32192,30.72366562272668
32193,47.96495537389488
32194,14.671970360514774
32195,38.51213149647386
32196,31.10003712759395
32197,34.96082491386784
32198,20.54020549898499
32199,39.363545158521084
32200,15.857657132486562
32201,29.530366745429948
32202,43.50646207252155
32203,41.74550851754973
32204,48.86219642884885
32205,45.62311738678929
32206,36.386458061891
32207,35.60534142002738
32208,23.91482387680824
32209,20.162753714807252
32210,45.478485912596476
32211,36.15183832271409
32212,21.318836914209033
32213,1.952495051899809
32214,3.7817126761779507
32215,30.395886930132054
32216,3.6644778449742565
32217,35.04897127159121
32218,39.54456961417081
32219,28.122192285119286
32220,0.3552272311173123
32221,37.939765511210304
32222,20.181959100245464
32223,13.154113948374482
32224,9.402848613926258
32225,33.29721464196838
32226,47.69083778590278
32227,46.719113154390946
32228,22.390992761081236
32229,40.11519748713784
32230,32.74013419194279
32231,40.75602038754819
32232,25.38482417494572
32233,40.465432216475634
32234,30.656367408531043
32235,16.652419835248306
32236,46.12780298462338
32237,2.4507537879151653
32238,7.7735289768469436
32239,41.58175031950179
32240,34.192784081665955
32241,40.438403345641376
32242,24.982843433671604
32243,42.751487643970336
32244,30.06099496969661
32245,32.13704789788191
32246,0.6736614422144203
32247,36.1531239322829
32248,2.7796403583407927
32249,38.57216020063473
32250,0.41225411195521167
32251,48.69346907929359
32252,21.56011003475733
32253,12.055240784150634
32254,25.69005735981489
32255,6.925171680232194
32256,6.147217688684791
32257,37.07259613468759
32258,26.582304738296763
32259,8.347617005541968
32260,13.492294038575459
32261,27.74927653243987
32262,11.264488341059174
32263,12.364301306746807
32264,13.167986522133889
32265,48.61574259603631
32266,33.89136100165784
32267,37.21413078120846
32268,0.9813795348126961
32269,47.93865050924964
32270,45.6696358914281
32271,8.797520522787824
32272,42.51414055722928
32273,11.887536123500094
32274,21.461211506220657
32275,29.56391826688961
32276,31.15320560957104
32277,37.54226279444912
32278,32.21707052589893
32279,5.7858382300548
32280,40.9096496763168
32281,14.926459383135503
32282,21.528159709317908
32283,47.417617511028354
32284,44.94576431496173
32285,28.9026281387224
32286,47.697891960497444
32287,9.234547274637102
32288,37.207967315760406
32289,20.92005054373197
32290,7.9149968245494176
32291,3.80423670796143
32292,24.820149762867548
32293,12.268353497894138
32294,48.06592214478971
32295,41.05956610990773
32296,42.49104860950431
32297,27.76585335246753
32298,26.12635261663576
32299,41.4914826688127
32300,10.285400263362865
32301,12.885043060218804
32302,37.99695610387384
32303,42.76642836706251
32304,40.56688728668812
32305,21.055780665425193
32306,4.67294016155726
32307,35.01098485781656
32308,7.4671940674636925
32309,16.932275809055596
32310,27.982400241655167
32311,23.38874025199068
32312,29.894325340601384
32313,35.89790204314472
32314,47.39691330444111
32315,36.47188084304306
32316,39.090278068593044
32317,25.025354102052475
32318,7.303665781010293
32319,5.91183619564807
32320,40.38022569514607
32321,11.842472710582562
32322,31.20714391619658
32323,11.307564219442943
32324,25.65305649793977
32325,26.789418823676694
32326,19.353735428287447
32327,6.707457225023445
32328,10.123272244925648
32329,42.6757599561038
32330,8.530770463533285
32331,1.7375182685155361
32332,2.1641028161388456
32333,39.566110943868594
32334,4.945251099038424
32335,46.24702521634561
32336,21.719956732413664
32337,26.15478583927843
32338,46.86931342283213
32339,17.638901519617466
32340,46.22777849935467
32341,45.66250222684157
32342,42.47864048259645
32343,26.377667976492894
32344,36.99130718690811
32345,37.50165693086737
32346,29.573345640031885
32347,20.58492393506685
32348,14.90708332983371
32349,34.28711712888606
32350,49.08005607291695
32351,4.472684958457159
32352,7.540983898491872
32353,37.29994261844827
32354,29.071927764552044
32355,34.400261453984825
32356,13.454676704466133
32357,44.176971684747414
32358,22.36124652892922
32359,23.48281079389646
32360,43.47329171571824
32361,25.97742584387098
32362,40.493889720158045
32363,2.966340887843451
32364,21.023587735654697
32365,4.375599703218974
32366,35.50191835601146
32367,48.954074681799085
32368,45.21322403362966
32369,25.18253334790125
32370,28.694953617617138
32371,17.601851051831275
32372,35.586407284815905
32373,48.352420815928156
32374,29.594876255845257
32375,0.4112735706738431
32376,0.8292753625804917
32377,3.801495774938378
32378,41.49944267981196
32379,44.0259788858446
32380,1.2208901184838377
32381,22.479901010052536
32382,8.72347602653028
32383,30.675715854354348
32384,13.901974373871356
32385,28.88153222575656
32386,8.287799440018075
32387,48.38874376646703
32388,28.188987034270998
32389,46.89586343748736
32390,43.19146033265736
32391,43.260585738061174
32392,0.6456397849442541
32393,2.105264859593439
32394,3.425895477224994
32395,18.65313919279692
32396,42.21164613947511
32397,48.927746425494526
32398,7.985594355978814
32399,10.970213590660228
32400,0.314252046134315
32401,45.485021615036715
32402,19.794473534325686
32403,25.487656496566846
32404,43.12415718247506
32405,9.093891739088225
32406,19.015481243737703
32407,46.343158971045234
32408,3.726221842614055
32409,1.982934713082395
32410,25.566852827634825
32411,33.189646751980604
32412,22.731055028732996
32413,36.183383513956784
32414,33.87114978260205
32415,41.703064805624955
32416,40.70583570149186
32417,30.005676996389873
32418,44.34500542170643
32419,10.350395446867408
32420,23.250770070697715
32421,26.293981010287915
32422,28.326859081135222
32423,3.717667283862385
32424,2.9554341686509944
32425,48.05220077548869
32426,17.21469042123971
32427,31.932326930938412
32428,9.011259642166081
32429,27.88937736398501
32430,41.29725777432433
32431,42.724765156251166
32432,22.609402024507943
32433,43.29298787184512
32434,6.405764953094254
32435,20.196396360088333
32436,30.447294951706013
32437,43.88306752790877
32438,21.284789974790034
32439,35.40884222836562
32440,44.78547639174298
32441,3.336111155251368
32442,31.981101816328636
32443,48.953951143339744
32444,2.7501607043532985
32445,43.68649776827866
32446,10.72902766873646
32447,32.92032459168154
32448,28.733892925340715
32449,1.4019592509257082
32450,13.894847759615633
32451,23.09615824180978
32452,29.56962741834238
32453,15.171992641477539
32454,33.72383359177766
32455,28.940616958141987
32456,42.940443516507244
32457,21.127647659437166
32458,44.23830565255877
32459,1.4843817240500234
32460,40.13124203666479
32461,9.345894278693665
32462,26.184872705084445
32463,38.09956547300398
32464,7.702023409120699
32465,36.0434138620171
32466,7.352597201456667
32467,19.716383627225383
32468,47.48863291006953
32469,37.1850231478961
32470,39.354824002189645
32471,6.44452740262046
32472,24.121441241531556
32473,32.26480981818477
32474,38.9158569982063
32475,36.54342018487024
32476,47.24142850899149
32477,31.999238888598054
32478,13.945305705842461
32479,26.23199204850114
32480,29.93623966895252
32481,7.2180906131667655
32482,22.565129650250793
32483,37.61358209643523
32484,12.552441832799994
32485,17.048748306671868
32486,30.986491621816263
32487,45.53161407538605
32488,45.561123483737155
32489,47.84417815123987
32490,9.561246335958831
32491,47.71853606821527
32492,28.467179007096576
32493,42.266466116057366
32494,12.293726709797037
32495,39.68172623773606
32496,25.2812577072618
32497,11.680692325736802
32498,22.274341984069697
32499,38.741116382320925
32500,10.427846325541358
32501,4.290396472898859
32502,0.04329069943740507
32503,20.430370412797632
32504,6.1623720685894785
32505,21.648854822785655
32506,48.360139314193404
32507,19.235919995708805
32508,0.9435291895725397
32509,17.68834149560183
32510,34.91503269817306
32511,7.247057432338029
32512,35.1924332997703
32513,37.61688952324236
32514,25.09751900954624
32515,18.580626725322908
32516,35.20169623961958
32517,46.48111069928656
32518,10.280268299057433
32519,17.621227946535154
32520,40.997264184932305
32521,17.856607934336463
32522,41.220045007736495
32523,15.648407265971892
32524,13.568297781725388
32525,35.911253425977236
32526,0.4284038027641662
32527,31.341862241659086
32528,25.98228554417626
32529,16.63612690868583
32530,40.91378979325569
32531,36.29670806822953
32532,46.5851765783949
32533,10.38854471166744
32534,15.899713618742291
32535,1.3983212110997445
32536,46.92770524187497
32537,21.12459199580819
32538,2.5649791433852087
32539,36.372394339627746
32540,18.96627692184661
32541,3.8067447759423163
32542,16.8899060613193
32543,34.6082701158231
32544,45.30673003358434
32545,26.023651596986774
32546,20.85595740102022
32547,5.49029693462804
32548,43.21105725306107
32549,27.321981214771697
32550,47.53179965041904
32551,43.83814925003589
32552,26.091641026374358
32553,44.3257901847187
32554,23.635038870206433
32555,27.248419503421115
32556,11.397232226028576
32557,13.785865436695424
32558,44.60800128503017
32559,21.908110282859106
32560,5.150836837252126
32561,27.349438415899197
32562,27.072188991825236
32563,45.668910353622074
32564,13.796431847712228
32565,16.409633260304965
32566,14.09683716612077
32567,23.018106186639145
32568,27.741054685128994
32569,37.778628540644654
32570,35.09066674835878
32571,17.445402429765405
32572,44.91077962677976
32573,5.854183189991877
32574,43.08706414811513
32575,14.044045122992296
32576,27.26587595172968
32577,17.458177520904673
32578,32.48180422991811
32579,20.08401585126414
32580,14.624293258073493
32581,17.758457450654628
32582,5.536914851165297
32583,36.36921632367011
32584,8.464877336386705
32585,29.221812588083072
32586,34.75483102299077
32587,45.14564699828236
32588,19.674811540437826
32589,22.058282828497244
32590,44.66910519588764
32591,33.50091702308949
32592,34.869675417230894
32593,29.849262464354997
32594,15.009538449696802
32595,20.8512445657502
32596,15.71625323214489
32597,22.213438883906832
32598,32.90584584588907
32599,23.413669299442443
32600,22.18870697285349
32601,33.2861070491894
32602,27.112176333345786
32603,47.00917496603044
32604,26.728132330596242
32605,29.575500323940116
32606,37.15986887971115
32607,5.9310527082283215
32608,18.14490170385702
32609,8.751158760045808
32610,13.935256387682177
32611,4.803978141613819
32612,31.486549013623886
32613,38.9965140553024
32614,11.099684774882252
32615,21.412995359252037
32616,7.2968295412565265
32617,31.229476084289132
32618,5.719511071205097
32619,7.3770870496709025
32620,0.4225742149118211
32621,20.684743643530723
32622,1.901445976308866
32623,26.56185501572857
32624,2.206492070489669
32625,22.18993502360636
32626,23.2362614626041
32627,6.953036528587633
32628,24.08404987486951
32629,17.975050037014004
32630,42.23856533325745
32631,15.220008520721626
32632,9.958700436690545
32633,11.026485278094802
32634,12.2779278216652
32635,23.808464902207646
32636,28.582176600004285
32637,26.330128972519102
32638,21.46944268007192
32639,24.621321348335726
32640,5.140084538812068
32641,20.882384914298093
32642,8.674473374890097
32643,39.809225935273986
32644,25.364560228292145
32645,8.221895733648891
32646,49.02154225466369
32647,39.24955279350932
32648,29.12971407552989
32649,43.650340423883414
32650,49.10999398211902
32651,26.016605063261853
32652,43.4355602193331
32653,48.994880490132324
32654,43.36734005781679
32655,4.733058849376302
32656,41.43131527989547
32657,8.554458339888098
32658,37.78219503701966
32659,14.669852211268458
32660,34.3907726087708
32661,40.25839440590565
32662,9.913075438866716
32663,27.309930446626666
32664,32.263749596773515
32665,39.26656601088617
32666,42.276766675893874
32667,4.333124962444537
32668,7.622084269386245
32669,31.87289812547257
32670,34.72409269501739
32671,33.37503544817122
32672,27.78723615684123
32673,31.469289646251713
32674,47.42966838227267
32675,39.935779485931576
32676,35.1470889842233
32677,25.276348259028076
32678,1.6447676864811442
32679,23.97345504055245
32680,37.45263870542009
32681,5.871665123006646
32682,45.22953098755172
32683,5.515741946393285
32684,38.526221370518414
32685,16.322218806463205
32686,29.823698122395633
32687,42.18975143794384
32688,25.295314753616893
32689,33.9470084487534
32690,43.61336024202088
32691,20.35949341399567
32692,32.877718049568365
32693,46.59153118412401
32694,8.396254161387647
32695,11.540905019167965
32696,16.06391732402768
32697,11.765264985236547
32698,41.4502177049001
32699,17.134491253526583
32700,38.487429107444456
32701,4.577878315432285
32702,31.395100315964974
32703,40.414668810973076
32704,12.863844431009744
32705,7.222980933720658
32706,26.008464947014218
32707,48.536656022196325
32708,17.10144614853274
32709,31.574245027850203
32710,43.05307444883342
32711,39.90600806013879
32712,26.614713731100892
32713,14.183784276870968
32714,28.47066611371992
32715,1.9764353887062824
32716,45.48236609354166
32717,9.198338254535548
32718,43.41010082194892
32719,34.145853855090316
32720,27.10096032659038
32721,9.307786702244242
32722,6.508580482561129
32723,27.778820028276325
32724,34.38242873839951
32725,2.2538091299292558
32726,6.684785824859706
32727,34.21286230344313
32728,26.343857548066097
32729,26.744183785453714
32730,44.91872427194277
32731,2.9951033915767837
32732,21.721800052138146
32733,48.2872964192213
32734,23.610774164527854
32735,47.79555372061752
32736,20.86515338666063
32737,42.333858804709344
32738,43.37503360242324
32739,11.75354723273769
32740,46.09892649750536
32741,28.10213685950133
32742,5.79420274879847
32743,32.168323802204235
32744,2.3143520363785113
32745,46.95418699981801
32746,9.686128818469557
32747,30.389307559092014
32748,2.217428437883483
32749,21.125559146206097
32750,15.805873751794516
32751,37.33205994598089
32752,27.994657811841815
32753,39.16648870671383
32754,7.562603853133358
32755,21.148339302777835
32756,7.437197645708629
32757,22.51119958344979
32758,35.280591615891495
32759,41.5812796683564
32760,14.456373444751549
32761,13.313215973762919
32762,38.55864071524826
32763,37.67951519801629
32764,23.086785242288226
32765,48.440885244509325
32766,17.078022110600912
32767,0.15359519522275822
32768,6.094082339834092
32769,18.647702965639954
32770,40.450106973012026
32771,12.816916743756261
32772,38.02834087161675
32773,45.573156803369464
32774,12.785242299236272
32775,40.01769933965691
32776,13.977843219633732
32777,19.751272340858215
32778,32.206178873372615
32779,18.360160230091324
32780,35.61782745845841
32781,42.29718228594583
32782,48.064279112807306
32783,20.11514255487288
32784,6.179943664488911
32785,2.98288724383655
32786,47.66336286840885
32787,31.362500639141174
32788,12.870459013147059
32789,9.332084990700105
32790,10.858388921998747
32791,9.593568263796156
32792,35.2758155741625
32793,43.10866997253178
32794,31.392666385557945
32795,39.24854951218565
32796,25.938435602901592
32797,31.35681711666144
32798,22.46375726509311
32799,47.93225609766434
32800,44.56256625225698
32801,28.76630392428913
32802,13.920299613316876
32803,4.688111152885228
32804,27.083610659133367
32805,10.868497813990912
32806,8.542859758044525
32807,7.500173455596899
32808,20.023606022724366
32809,19.66993678114048
32810,31.53298856605599
32811,34.37861344413659
32812,6.236966675725097
32813,26.35409291239251
32814,16.239412997274716
32815,47.520260552163144
32816,34.858397680353484
32817,7.995513880756132
32818,2.1206719813481194
32819,48.475975675685916
32820,43.4025604237857
32821,11.607598404150243
32822,43.04886888802886
32823,9.398876000844922
32824,18.6772938666633
32825,32.92917618139649
32826,33.579117894975155
32827,26.65910576331387
32828,17.97407773357459
32829,15.350613566603858
32830,3.600653895819679
32831,31.564991472717107
32832,26.249149057302457
32833,36.31533833558726
32834,44.44758940729236
32835,15.270824061082935
32836,9.412013764059676
32837,23.968340356871206
32838,3.3040903108231947
32839,16.018674404237753
32840,38.42134455196552
32841,22.899730650861496
32842,34.89325845664145
32843,15.951970093200464
32844,22.23083404905214
32845,13.029060436870154
32846,41.84808914472456
32847,38.825576897702256
32848,1.9927039455459008
32849,26.343816570639202
32850,37.17003447656679
32851,47.51093369759038
32852,23.590156627543795
32853,2.9743246577958655
32854,9.259938150668452
32855,22.416666032960354
32856,49.11718528226211
32857,35.62928230920488
32858,26.425402499723628
32859,6.191926453208271
32860,2.4417052965039336
32861,6.684448213614384
32862,0.3767977265899591
32863,30.05374872553843
32864,18.479458320127453
32865,27.903093476315668
32866,42.35728013988581
32867,12.158604973946948
32868,25.451605111848178
32869,18.807092662070772
32870,23.973693644647415
32871,26.161831739386418
32872,11.997504075854598
32873,25.230964251832656
32874,0.9140090916474604
32875,25.65075025972431
32876,17.15592045949207
32877,28.822514459998246
32878,36.060107469367516
32879,9.40169010283058
32880,36.57095761007858
32881,32.00113580892302
32882,42.248695737233874
32883,30.212721240527152
32884,38.869480926649025
32885,3.549371093663324
32886,42.48851692744438
32887,17.736113589289243
32888,30.754915579312115
32889,29.021989621717864
32890,31.283496553105223
32891,44.967791210135346
32892,19.092435012101728
32893,27.78316944467059
32894,43.8234586404776
32895,24.949989517899528
32896,20.71497107750798
32897,38.39569398360638
32898,43.70607840282658
32899,44.60998295745223
32900,31.47404997261558
32901,26.18329977699799
32902,41.09552592032843
32903,35.78565021535606
32904,38.997780704805606
32905,48.37608107615984
32906,4.600628823402478
32907,19.652482469231053
32908,29.386392268329725
32909,32.811815324878495
32910,48.42248937802749
32911,33.41019959335688
32912,49.064527718917724
32913,30.0289208013146
32914,12.945454440411511
32915,19.057711005731395
32916,4.281701239405067
32917,28.840364765523034
32918,22.05640062840528
32919,14.436460806790619
32920,3.430536012621318
32921,13.509702341094396
32922,45.105846765931155
32923,46.10509055566028
32924,31.853968543826532
32925,41.476412219462404
32926,38.50911872169395
32927,30.858672543679646
32928,13.004074733743604
32929,14.625932707639
32930,22.032914414638967
32931,25.036647637140398
32932,3.0787937878801017
32933,48.383818351693165
32934,3.726295577154916
32935,39.43749402265308
32936,22.83677844414917
32937,22.191134443163808
32938,1.957017695880425
32939,29.28190247078821
32940,43.03486934511117
32941,26.430378905207558
32942,19.16240749466032
32943,46.2713943641159
32944,48.72355227729952
32945,33.96373502462622
32946,19.594021031479706
32947,20.107301061374965
32948,19.487303006172482
32949,16.191833461807807
32950,22.238380911253632
32951,9.013077541384952
32952,42.65545573233942
32953,9.0723915454865
32954,15.223349186812317
32955,20.57575829717488
32956,44.499639574553306
32957,24.709431569789956
32958,29.13161257616427
32959,28.132251035862286
32960,6.844713045959807
32961,32.42131249063659
32962,25.346250942621523
32963,34.30483489854541
32964,23.930751865178642
32965,29.8168315203958
32966,5.593572402845176
32967,10.212330352212975
32968,32.58249727450098
32969,11.155878578559223
32970,27.878652425246145
32971,40.46095011215514
32972,11.679858123621365
32973,16.972570413132956
32974,9.57204464227071
32975,20.501705421938723
32976,25.58979971727226
32977,46.13503372832858
32978,3.0193388255214564
32979,42.433880370838715
32980,19.326665758072085
32981,35.27576494758101
32982,27.02899591182613
32983,12.241825314026118
32984,44.03229569600021
32985,20.963641966120427
32986,48.0224678583911
32987,26.07391232331209
32988,48.963661505579395
32989,32.65844734384926
32990,36.24386740986493
32991,37.24844945988497
32992,41.2206570609243
32993,27.196240895941433
32994,47.258179036479326
32995,39.23474942262387
32996,23.77793685860612
32997,11.463014385330075
32998,46.36158833435573
32999,44.23882858659145
33000,43.90554935137062
33001,29.530552935387345
33002,38.42300300191326
33003,29.15796475623804
33004,25.26517705069845
33005,14.862912513783675
33006,40.638369007875895
33007,20.015633214657456
33008,12.46833034591291
33009,44.572187779514984
33010,4.981391977571841
33011,36.687404945257136
33012,9.05903573968901
33013,25.697762257058862
33014,39.00236893856702
33015,33.74974530737456
33016,7.676613040935652
33017,15.518009902808116
33018,31.98000700794184
33019,43.99017786490288
33020,35.990306835139044
33021,34.92305835446812
33022,49.16604088885231
33023,22.624246855198287
33024,20.70343889601892
33025,23.616040313486916
33026,32.630711345721345
33027,21.258149160040407
33028,14.046295317575922
33029,38.95467359863204
33030,46.18203934667527
33031,37.265460442110744
33032,11.216668433851437
33033,36.0313654494913
33034,0.5125000122852176
33035,27.684431184771984
33036,9.137831201279454
33037,18.819347648715173
33038,41.444084515259185
33039,6.305938290467017
33040,39.1488140206765
33041,35.54457898613079
33042,15.06017125392015
33043,4.045418512660877
33044,41.17204263032256
33045,30.132377003287953
33046,22.74143859337361
33047,20.123683518460265
33048,19.6842153218266
33049,30.445064676064124
33050,23.57636555339248
33051,47.13809957323471
33052,21.943141781670928
33053,31.504196199810107
33054,25.752802513666452
33055,34.712897975380066
33056,16.31406370499107
33057,3.2306318751010936
33058,27.848699093352767
33059,23.603188759233543
33060,12.229599700175056
33061,12.649137582104695
33062,18.958138190467086
33063,41.09029348543958
33064,11.70716727850429
33065,4.8599322296163345
33066,6.1354717394748794
33067,40.26622366968082
33068,13.122011108789543
33069,34.38113067179528
33070,24.16926690625237
33071,48.04292034849431
33072,34.888641303344926
33073,7.8010766298167455
33074,35.17109429737165
33075,35.98838644521536
33076,10.247296653563216
33077,28.360051674282396
33078,31.711838493209196
33079,35.15316698063261
33080,16.59035821672475
33081,5.3463126541844
33082,35.70586161770542
33083,44.39832797764954
33084,20.004856870606712
33085,12.51192288520096
33086,36.50274449539583
33087,39.79697770974219
33088,8.602744521651086
33089,40.00278799930966
33090,22.35020505627795
33091,44.42143043840945
33092,9.128484714590291
33093,14.688009812995634
33094,45.782974214351135
33095,4.763100229780075
33096,37.8657892067561
33097,19.178339461179622
33098,41.145060677527596
33099,20.856861743409898
33100,33.74601111895847
33101,27.066950145102354
33102,12.59197136148925
33103,47.09904007483451
33104,0.627579872633174
33105,5.653917480051821
33106,47.613675280011606
33107,12.99280872638675
33108,39.86721569142713
33109,27.285267453112645
33110,14.125621262175349
33111,18.396528768337483
33112,31.261153112583017
33113,33.73442458942405
33114,14.459407468486978
33115,7.139547856353787
33116,12.59678263109342
33117,10.503280977490244
33118,41.34969333762184
33119,44.13005055637917
33120,23.141631347784987
33121,39.69771096786377
33122,7.70228848606269
33123,27.41940921613585
33124,35.33984195756608
33125,24.190137012325177
33126,12.006523968942991
33127,19.338521915781563
33128,7.959719007579864
33129,27.24399332609396
33130,45.05740891290363
33131,33.4451623586913
33132,44.71238828593929
33133,25.751893344018633
33134,33.352541286726435
33135,37.853618462560846
33136,40.90997376949643
33137,30.40695516434272
33138,5.954868631220569
33139,44.63943646651597
33140,31.76143577795143
33141,29.536633872651407
33142,32.19606084598583
33143,48.04182181648809
33144,39.45288680613617
33145,34.584906995964516
33146,45.280173725725184
33147,2.1448857117240867
33148,30.826306174606962
33149,37.847074479187896
33150,4.265183527500924
33151,27.395063153325918
33152,7.473735601911866
33153,4.021126115261361
33154,36.40864788065109
33155,30.4815954614799
33156,30.805909845507575
33157,13.80851171359815
33158,4.403229971616003
33159,7.043165639659056
33160,26.203752103755242
33161,42.21004300794047
33162,0.02856145867335671
33163,39.16800142066605
33164,36.17356427362129
33165,36.27056649018254
33166,16.392631325642178
33167,7.99486405359784
33168,26.67771120490499
33169,28.167016253259355
33170,6.2288819930071275
33171,25.303821652694793
33172,36.743146551206074
33173,6.694687746961362
33174,41.59177517994825
33175,5.567831471367572
33176,25.199033214548322
33177,34.963517332269376
33178,30.122087363920215
33179,44.25599159474097
33180,24.417751392587196
33181,36.86037655098966
33182,43.25162055416931
33183,17.056318201418854
33184,22.015057655553317
33185,9.582394452654313
33186,9.909178180957001
33187,27.444538299751684
33188,5.538048314175788
33189,33.84385423318012
33190,13.713104341655573
33191,17.964685133860062
33192,13.821874989992283
33193,33.35106707802958
33194,24.601719341721648
33195,16.81105365140211
33196,40.237856789987056
33197,28.929619036567054
33198,5.514543258608252
33199,34.70436684061965
33200,12.503501530620094
33201,17.245180256141982
33202,4.054790876852351
33203,19.485964569290985
33204,48.36748602412237
33205,8.240759009235699
33206,45.35249233821087
33207,47.47223368382191
33208,21.366508060645995
33209,39.961039902012864
33210,11.315513566584281
33211,39.10632002517145
33212,13.653478552265208
33213,40.30827903145005
33214,22.134204684237684
33215,10.223348487814897
33216,43.8032384933327
33217,30.23277401059503
33218,15.057511404383025
33219,10.73454454233018
33220,48.853522324846175
33221,30.33211958885642
33222,20.49370079820521
33223,37.86705065967684
33224,26.669984610264656
33225,13.915395290587892
33226,6.349524137570288
33227,39.26951358146105
33228,3.7421909233200434
33229,6.338224895325778
33230,15.954315407357461
33231,14.484039697008452
33232,9.237266330924978
33233,11.367447909283719
33234,42.73739941984583
33235,7.024242923461523
33236,45.81567313838279
33237,5.720552911362329
33238,42.066237416856836
33239,35.70696859636585
33240,27.38504491686718
33241,26.626381205080733
33242,34.647966478220624
33243,28.143774961159902
33244,43.511213143029245
33245,43.2827513301609
33246,0.5134496871456128
33247,29.447110636072225
33248,23.541583576411952
33249,14.09895759497702
33250,41.06991773019564
33251,28.381435419132643
33252,45.8895077884469
33253,22.88007034695483
33254,40.538210013302724
33255,13.68621690995979
33256,3.208604391223242
33257,25.570273523483387
33258,39.04720970573437
33259,17.561994540595208
33260,15.10908992299195
33261,40.534467599799974
33262,34.29921058398729
33263,7.566154954026771
33264,33.6382962482218
33265,11.899317418631924
33266,39.838464782189085
33267,31.51651589094179
33268,37.68713910542715
33269,26.326582856841206
33270,24.98414491544797
33271,23.515986617447385
33272,17.257641957639354
33273,35.65069372014607
33274,12.411910348396566
33275,35.01667709745717
33276,14.042090432678132
33277,6.705197815884286
33278,13.089773116150484
33279,25.431296496413438
33280,42.495918795011626
33281,7.438934392496201
33282,13.144841369100652
33283,34.27803792938835
33284,32.839210461183825
33285,8.922473723931054
33286,3.9476593548747676
33287,18.202844017074852
33288,32.255937359568364
33289,22.12849778337028
33290,3.6065343181487877
33291,33.96725593783607
33292,43.66643346087524
33293,38.72907012873353
33294,23.41421895243891
33295,5.68263277999458
33296,28.58976978601709
33297,10.438215489662943
33298,12.636577115861135
33299,31.50237816392453
33300,22.409142498672725
33301,16.346813137124467
33302,24.462150476710875
33303,4.334036235144778
33304,8.597192298641497
33305,7.09329717404331
33306,13.901451047534449
33307,4.961996093661899
33308,45.23282263729488
33309,12.393326501543894
33310,27.08971869513204
33311,18.792738864072152
33312,34.33018883898539
33313,38.288385421610855
33314,0.29366220027807355
33315,6.4674640643119625
33316,3.2699711835485434
33317,1.9197658714317016
33318,19.908123278494045
33319,30.50559657803231
33320,19.418009449278195
33321,12.176118267638062
33322,10.871091813094646
33323,1.0658666774190264
33324,1.4370221387427264
33325,10.55316205387711
33326,40.99488471296931
33327,39.90051027409473
33328,15.48178744489111
33329,24.128189280805067
33330,20.142739435751704
33331,4.779993668240763
33332,40.61764063870669
33333,15.269283111688752
33334,42.38772724775203
33335,35.715572672581125
33336,22.05369603835809
33337,37.40511672319486
33338,27.262377975262634
33339,38.7716369872122
33340,43.569071611508086
33341,36.64396167151566
33342,0.7717460710491651
33343,16.48257565219369
33344,35.32747459027463
33345,16.379038455538122
33346,48.73170458008722
33347,11.169229962985728
33348,25.416831222927932
33349,19.21682006786003
33350,1.2825707666457953
33351,32.21185071625849
33352,13.749124505662648
33353,5.071797310513232
33354,8.30949114622936
33355,25.111178848289526
33356,36.95348421736499
33357,40.360115480291306
33358,48.28973394455671
33359,43.830346153840495
33360,5.441605039162925
33361,15.632686352993133
33362,42.97669458562728
33363,46.60372098047191
33364,43.40879606537167
33365,48.09288484449739
33366,47.449396317509304
33367,4.630014452527651
33368,7.7070956037192735
33369,16.04509800155368
33370,46.02961729096074
33371,15.709279340520844
33372,36.47726587241632
33373,2.1706741470869333
33374,42.90454651698631
33375,25.646716695454092
33376,18.042435055720738
33377,24.588774743822515
33378,7.848182837389456
33379,32.897523352036295
33380,26.767859020917076
33381,35.03556852914684
33382,45.99050615788096
33383,36.415641656350935
33384,12.227759066539212
33385,10.817061853377107
33386,18.405070162998477
33387,9.115448524408965
33388,4.426381304144682
33389,18.193576116842912
33390,30.333506098380543
33391,39.82143893703363
33392,2.960306574931985
33393,2.7149199972691327
33394,16.882967734937655
33395,15.62548833184783
33396,24.93020263544475
33397,27.47806299479684
33398,3.1309434864799375
33399,7.843527477177465
33400,4.717137521241254
33401,46.59469949479194
33402,1.7521476982619955
33403,22.461428803646907
33404,32.15615404064709
33405,9.001904074884525
33406,32.672782250950604
33407,22.608148868993894
33408,35.21112597654699
33409,37.53531358158601
33410,28.541340402113327
33411,3.7414381246356885
33412,12.543365156814003
33413,42.04746101594489
33414,31.305124241150356
33415,33.23878224651761
33416,3.7361932881073194
33417,44.18758854643095
33418,24.19128059230677
33419,17.14658318037837
33420,46.10382861493081
33421,27.006090388862543
33422,10.953556517729215
33423,37.507007570117416
33424,13.747795683828155
33425,44.49667227048789
33426,43.7865072668683
33427,41.94557445591087
33428,27.44917777902715
33429,26.785794413442144
33430,33.13870228185894
33431,27.93992767289527
33432,36.0983416664154
33433,34.46452136482676
33434,47.735599273204286
33435,23.613377446083575
33436,7.221798836858764
33437,37.031168384317745
33438,23.81235006386562
33439,23.961396449282912
33440,29.662754798264064
33441,36.07648446914278
33442,10.334440781254596
33443,29.93934502655025
33444,6.2628313864864085
33445,4.943811075966984
33446,41.65659318972991
33447,46.38247164411913
33448,9.602937976846107
33449,33.75628414400024
33450,28.01034238324699
33451,12.78318029526631
33452,25.946646583224567
33453,3.2994561475019575
33454,29.798661625013004
33455,37.40376035138739
33456,3.03390378931833
33457,27.744695460019418
33458,37.10079329446234
33459,22.883533890247126
33460,18.345532410921507
33461,27.252244898738276
33462,38.82690529884121
33463,0.4463000784084775
33464,22.06389127649346
33465,39.62399996225979
33466,24.271006822908927
33467,44.778741010113315
33468,48.3639321618954
33469,39.175457077598764
33470,49.18865129486643
33471,22.496457733130946
33472,21.68981464040757
33473,43.795626163832814
33474,16.219894374495194
33475,14.673914721586232
33476,37.138596999802914
33477,21.695539322535797
33478,28.281898636796996
33479,7.859625669824405
33480,43.67747214932595
33481,13.654280870003205
33482,4.588852401075175
33483,19.125749050807663
33484,40.76754660424352
33485,30.377298633524177
33486,26.958641866697537
33487,17.474963202533225
33488,17.572868462964358
33489,14.70903078908317
33490,33.27547087077665
33491,0.03555085874437036
33492,36.149889096883676
33493,37.3405388177876
33494,35.631328654604864
33495,33.61572101624386
33496,13.914805424909527
33497,38.31043030141312
33498,6.261300303387297
33499,29.66614149359493
33500,39.933677700555755
33501,40.72842984562306
33502,21.805165182611017
33503,11.769508229570533
33504,12.344147719751579
33505,7.094373116753706
33506,8.255905266013361
33507,28.317876090191202
33508,47.34661056177323
33509,20.880576136113802
33510,4.985897595084822
33511,43.725335050704615
33512,17.242267837801847
33513,9.689934523136527
33514,21.115518342441803
33515,23.30440061604222
33516,0.1775712433594276
33517,37.66116910352962
33518,46.974153609480666
33519,36.26435177127006
33520,15.943818078141245
33521,35.72842422838863
33522,12.768500874753125
33523,11.59983442662444
33524,36.57270335265996
33525,29.562324939195744
33526,21.740714423112163
33527,7.090080492800789
33528,46.32088601374171
33529,43.06774222525518
33530,43.510331083209145
33531,17.669930601286385
33532,24.951391109273203
33533,27.23741704557179
33534,31.364872273387313
33535,6.108283194036257
33536,14.488857188564008
33537,21.3518710590236
33538,48.24964976993602
33539,22.66807462985778
33540,4.096221987244031
33541,15.7715664912027
33542,30.98696399285432
33543,3.358234475366385
33544,40.181007827299
33545,47.46872095169088
33546,37.859421475059705
33547,13.494410491362796
33548,8.062059943608483
33549,12.02361397209594
33550,38.82181072870096
33551,7.140949109596934
33552,27.326886805832686
33553,12.579215064604425
33554,2.5074305681134406
33555,14.86940634280002
33556,23.440781902793667
33557,36.68400039006892
33558,38.77663606169889
33559,13.53217579293579
33560,5.006902180727907
33561,46.41552596623996
33562,17.759524798095352
33563,16.57014417263179
33564,33.57484637184161
33565,17.286409957396796
33566,0.1798362721812543
33567,23.979462581745405
33568,15.571032769566512
33569,46.28851999345003
33570,10.586867934598436
33571,45.05318174415504
33572,47.76707264003258
33573,24.14027632748975
33574,8.53242105290845
33575,16.780974777669886
33576,3.7473869331376233
33577,20.95329906785469
33578,42.49110594326571
33579,44.65985545456953
33580,15.379918462218802
33581,38.68398056298055
33582,29.835319639548395
33583,18.35454658140601
33584,17.469146414264614
33585,31.929148360434
33586,45.6319446129996
33587,38.07936974554453
33588,2.2722902377954406
33589,19.77933959602125
33590,23.604693243868887
33591,44.38036724474317
33592,19.51377043988773
33593,48.66001551242564
33594,28.704773683419543
33595,14.128559650987542
33596,32.33694240281026
33597,24.576859537777057
33598,9.441027350168289
33599,12.078731671010997
33600,33.418605228397524
33601,16.343883092874076
33602,36.37093422543986
33603,26.575240645052556
33604,22.856316366604048
33605,48.51929715705438
33606,32.58531373701934
33607,8.70013606138808
33608,2.5013567178088185
33609,13.677727310724032
33610,22.559246884750518
33611,24.73088467726517
33612,35.63656662180007
33613,6.358002223329617
33614,8.540920861405064
33615,39.96030369576793
33616,27.190452295062684
33617,24.28961209039737
33618,45.84453297703368
33619,0.6835863005235722
33620,10.629706823044833
33621,11.009192958289505
33622,37.229352924676455
33623,11.150368439648668
33624,12.390979428255715
33625,12.840715254755738
33626,40.64991966294484
33627,19.545327316412823
33628,41.110313890932176
33629,33.38887738131165
33630,5.895969322135103
33631,39.51640055982691
33632,23.084765068011357
33633,13.230088228971077
33634,11.49635854682359
33635,26.740274343277964
33636,19.362783623790303
33637,19.286221513986106
33638,27.531118327628953
33639,45.908192068631735
33640,30.76028269664375
33641,26.61834979961297
33642,22.695993737967033
33643,6.836602192610965
33644,25.2724567703319
33645,20.45914655447966
33646,5.265191800593302
33647,19.54236682385792
33648,1.9811460885954533
33649,44.30700143563749
33650,14.365458075326798
33651,24.62944955521385
33652,16.941442547344533
33653,12.462676539590168
33654,36.48760248009036
33655,26.961040900184436
33656,40.889214596674805
33657,27.96648658076853
33658,28.31409363786274
33659,3.3161779448409265
33660,20.288823515687568
33661,26.182347337841303
33662,20.60734494917087
33663,34.481793584518435
33664,15.2061840915333
33665,15.950498842060433
33666,16.099452609478938
33667,48.965956113089035
33668,1.7133235599965164
33669,37.16382358294785
33670,39.65124764729264
33671,39.89989356761468
33672,8.881825607464979
33673,25.682444436183843
33674,38.12129657674218
33675,3.722655143905768
33676,0.18956067336532137
33677,39.79815744675031
33678,26.828768735694272
33679,9.956015088938068
33680,3.437650367868347
33681,13.869477670218227
33682,28.493025102777377
33683,17.79856666735887
33684,9.38651041099808
33685,38.99090550594317
33686,22.144498534004263
33687,17.450158847460322
33688,22.247816077347572
33689,36.44642285287492
33690,12.73434505194738
33691,48.04321368188249
33692,42.75705816463896
33693,20.484477320506873
33694,30.534866575878944
33695,18.352891352501906
33696,10.981885490231257
33697,22.786447645241672
33698,16.39814726216039
33699,47.82708000142008
33700,6.1160595290284965
33701,1.8174901927319163
33702,31.570402663285233
33703,10.97505131253365
33704,45.6250052366041
33705,34.02814696453857
33706,40.19496369282916
33707,38.50599365755953
33708,25.24697477265729
33709,22.96310751308066
33710,8.17523086712944
33711,44.602551859111536
33712,9.87179820310981
33713,12.749181738974608
33714,38.66886953698863
33715,25.851656383866445
33716,26.445935101024386
33717,37.82206845847765
33718,22.847019334293098
33719,31.515554090956606
33720,41.595834150805814
33721,5.588393910968555
33722,27.69357921592004
33723,27.49107667606359
33724,46.165608320921265
33725,27.064442006283098
33726,11.159450748383016
33727,11.04300321343467
33728,34.83342743926607
33729,44.978352654787756
33730,34.50771540808297
33731,40.81521829347235
33732,16.860355520320695
33733,6.172131425928572
33734,24.41622431864895
33735,48.28011541926908
33736,42.24284431588049
33737,44.82475921677017
33738,17.93960598182748
33739,39.171241581697345
33740,47.47566991106997
33741,19.7313252214016
33742,13.46321264265042
33743,42.26363567444408
33744,10.512825000423867
33745,35.44491672162485
33746,17.141520627736416
33747,45.30680803338458
33748,20.925872223729446
33749,44.8987900699074
33750,22.65382898841905
33751,45.02108377006069
33752,27.085711341734587
33753,43.84088541655819
33754,31.662014703139164
33755,16.30613309525056
33756,43.95338594405875
33757,39.691202068675004
33758,32.98896144876835
33759,47.876127189796506
33760,26.75862685230036
33761,4.482200759617876
33762,23.978019226503985
33763,10.040090834659376
33764,23.5161178368725
33765,34.55923492844992
33766,0.7723697190224234
33767,25.38403850015024
33768,29.571429870434518
33769,23.239277708397605
33770,3.2713387466192403
33771,18.621052547671553
33772,40.08271937110292
33773,39.33007391200696
33774,16.857574393742635
33775,3.4948102024794876
33776,15.98333675679864
33777,3.6987528384529447
33778,6.936833633025352
33779,8.187777432288872
33780,32.79492199063125
33781,15.06318032077269
33782,17.762629767863906
33783,3.9630464469950697
33784,15.12406525802515
33785,6.621086440089896
33786,7.897016579290133
33787,10.671725687151014
33788,6.952353001084463
33789,32.47188566442699
33790,30.537536585283416
33791,7.694761013981522
33792,24.790276891385826
33793,29.503510574452406
33794,14.109463409119464
33795,32.27468528813116
33796,30.023276480145025
33797,16.092321552324904
33798,41.80080383855633
33799,11.734397488258246
33800,29.877657208865784
33801,13.027311724853543
33802,41.08365554576708
